{"epoch_loss": 5.853064499795437, "epoch": 1, "_timestamp": 1668125843.8319733, "_runtime": 95.27984642982483, "_step": 0, "_wandb": {"runtime": 95}}