{"epoch_loss": 5.32872648537159, "epoch": 12, "_timestamp": 1669734671.918541, "_runtime": 860.9852540493011, "_step": 11, "_wandb": {"runtime": 923}}