{"epoch_loss": 5.195766754772352, "epoch": 30, "_timestamp": 1670858828.1596317, "_runtime": 2070.0582597255707, "_step": 29, "_wandb": {"runtime": 2070}}