{"epoch_loss": 5.779660642147064, "epoch": 3, "_timestamp": 1669637661.8969483, "_runtime": 244.28342628479004, "_step": 2, "_wandb": {"runtime": 302}}