{"epoch_loss": 5.971141390502453, "epoch": 1, "_timestamp": 1668124395.6781132, "_runtime": 94.10213112831116, "_step": 0, "_wandb": {"runtime": 94}}