{"epoch_loss": 4.032992038875818, "epoch": 30, "_timestamp": 1668104969.340999, "_runtime": 2646.201726913452, "_step": 29, "_wandb": {"runtime": 2645}}