{"epoch_loss": 4.104926757190539, "epoch": 30, "_timestamp": 1668521050.2201416, "_runtime": 2460.413112640381, "_step": 29, "_wandb": {"runtime": 2460}}