{"epoch_loss": 5.241310337315435, "epoch": 100, "_timestamp": 1670599023.651544, "_runtime": 7360.425359010696, "_step": 99, "_wandb": {"runtime": 7360}}