{"epoch_loss": 4.281788237392902, "epoch": 30, "_timestamp": 1668117405.5452025, "_runtime": 2475.5158433914185, "_step": 29, "_wandb": {"runtime": 2475}}