{"epoch_loss": 5.5315442979335785, "epoch": 10, "_timestamp": 1669642009.0247467, "_runtime": 728.6643726825714, "_step": 9, "_wandb": {"runtime": 729}}