{"epoch_loss": 4.066614586374034, "epoch": 30, "_timestamp": 1668703747.8786385, "_runtime": 2622.768838405609, "_step": 29, "_wandb": {"runtime": 2622}}