{"epoch_loss": 5.270982892616935, "epoch": 100, "_timestamp": 1670525580.441711, "_runtime": 6850.87712097168, "_step": 99, "_wandb": {"runtime": 6851}}