{"epoch_loss": 5.95459202224133, "epoch": 1, "_timestamp": 1668128013.397211, "_runtime": 91.1077950000763, "_step": 0, "_wandb": {"runtime": 91}}