{"epoch_loss": 5.263895449431046, "epoch": 50, "_timestamp": 1669588531.2529922, "_runtime": 3315.1426150798798, "_step": 49, "_wandb": {"runtime": 3315}}