{"epoch_loss": 5.952590867584827, "epoch": 1, "_timestamp": 1668128914.813879, "_runtime": 93.63668990135193, "_step": 0}