{"epoch_loss": 5.242480868878572, "epoch": 30, "_timestamp": 1670854616.8090093, "_runtime": 1982.7796812057495, "_step": 29, "_wandb": {"runtime": 1984}}