{"epoch_loss": 4.071372519368711, "epoch": 43, "_timestamp": 1669295039.498508, "_runtime": 3541.3200719356537, "_step": 42}