{"epoch_loss": 5.092256442360256, "epoch": 30, "_timestamp": 1670851615.247323, "_runtime": 2047.4467680454254, "_step": 29, "_wandb": {"runtime": 2047}}