{"epoch_loss": 4.065637096114781, "epoch": 30, "_timestamp": 1668650128.2904134, "_runtime": 2409.2021243572235, "_step": 29, "_wandb": {"runtime": 2408}}