{"epoch_loss": 4.081631101667881, "epoch": 100, "_timestamp": 1668113960.8892255, "_runtime": 8274.662794589996, "_step": 99, "_wandb": {"runtime": 8274}}