{"epoch_loss": 4.252596397025912, "epoch": 9, "_timestamp": 1668128796.8166792, "_runtime": 762.5270521640778, "_step": 8, "_wandb": {"runtime": 762}}