{"epoch_loss": 5.184422736582548, "epoch": 30, "_timestamp": 1670852631.4300225, "_runtime": 2045.3786885738373, "_step": 29, "_wandb": {"runtime": 2045}}