{"epoch_loss": 4.071682831515437, "epoch": 30, "_timestamp": 1669600448.6755004, "_runtime": 2541.1734664440155, "_step": 29, "_wandb": {"runtime": 2540}}