{"epoch_loss": 5.7923499047756195, "epoch": 7, "_timestamp": 1669904686.2960043, "_runtime": 501.278635263443, "_step": 6, "_wandb": {"runtime": 519}}