{"epoch_loss": 5.2170584720114, "epoch": 30, "_timestamp": 1670856735.003461, "_runtime": 3107.4633178710938, "_step": 29, "_wandb": {"runtime": 3108}}