{"epoch_loss": 5.508109778165817, "epoch": 10, "_timestamp": 1669904121.524625, "_runtime": 736.9661951065063, "_step": 9, "_wandb": {"runtime": 737}}