{"epoch_loss": 5.232533423796944, "epoch": 30, "_timestamp": 1669640322.4000099, "_runtime": 2073.5898559093475, "_step": 29, "_wandb": {"runtime": 2073}}