{"epoch_loss": 5.2459289923958154, "epoch": 30, "_timestamp": 1670849583.0521429, "_runtime": 2055.67760682106, "_step": 29, "_wandb": {"runtime": 2055}}