{"epoch_loss": 5.180451761121335, "epoch": 100, "_timestamp": 1669732764.397676, "_runtime": 6920.543338060379, "_step": 99, "_wandb": {"runtime": 6921}}