{"epoch_loss": 4.199553868044978, "epoch": 10, "_timestamp": 1669133223.9592233, "_runtime": 857.6587722301483, "_step": 9, "_wandb": {"runtime": 857}}