{"epoch_loss": 5.8697798028588295, "epoch": 1, "_timestamp": 1668101219.2223341, "_runtime": 98.80180025100708, "_step": 0, "_wandb": {"runtime": 98}}