{"epoch_loss": 5.171334873075071, "epoch": 30, "_timestamp": 1669636451.2919486, "_runtime": 2032.2554204463959, "_step": 29, "_wandb": {"runtime": 2032}}