{"epoch_loss": 4.246310995972675, "epoch": 10, "_timestamp": 1669252023.9117663, "_runtime": 872.8077611923218, "_step": 9, "_wandb": {"runtime": 872}}