{"epoch_loss": 5.407514240430749, "epoch": 10, "_timestamp": 1670423883.1895876, "_runtime": 768.1263506412506, "_step": 9, "_wandb": {"runtime": 769}}