{"epoch_loss": 5.3217438511226485, "epoch": 10, "_timestamp": 1670425088.5694683, "_runtime": 751.7167043685913, "_step": 9, "_wandb": {"runtime": 753}}