{"epoch_loss": 5.20688844245413, "epoch": 30, "_timestamp": 1670857076.4234817, "_runtime": 3083.5936546325684, "_step": 29, "_wandb": {"runtime": 3083}}