{"epoch_loss": 5.965505185334579, "epoch": 1, "_timestamp": 1668127898.6446986, "_runtime": 98.7448616027832, "_step": 0, "_wandb": {"runtime": 98}}