{"epoch_loss": 5.156291287878285, "epoch": 30, "_timestamp": 1670857634.0359848, "_runtime": 1966.6654646396637, "_step": 29, "_wandb": {"runtime": 1966}}